{
  "dist_z": 0.8135401463875062,
  "width_start": 0.15117037668824196,
  "width_end": 0.16645644659149475,
  "wet_norm": 0.1610093568114267,
  "gain_norm": 0.1919380027287896,
  "az_start_deg": 46.50100057271101,
  "az_end_deg": 47.357896044177444,
  "el_start_deg": 19.39082848822246,
  "el_end_deg": 20.014166137372847,
  "rows": 138,
  "encoder": "xlm-roberta-base",
  "lora_r": 8,
  "dist_sigmoid": false
}