{
  "dist_z": 0.8498362958198413,
  "width_start": 0.14932612453897795,
  "width_end": 0.16299319969139237,
  "wet_norm": 0.15479884329049484,
  "gain_norm": 0.19378692844369705,
  "az_start_deg": 43.96151205358351,
  "az_end_deg": 48.98748812318365,
  "el_start_deg": 20.251565692127063,
  "el_end_deg": 20.27443303924337,
  "rows": 138,
  "encoder": "xlm-roberta-base",
  "lora_r": 8,
  "dist_sigmoid": false,
  "az_bins": 36
}