{
  "dist_z": 0.8030653699972681,
  "width_start": 0.16333467745478603,
  "width_end": 0.18444633213938147,
  "wet_norm": 0.18931788573230524,
  "gain_norm": 0.196121946449621,
  "az_start_deg": 50.93909957080255,
  "az_end_deg": 60.4017783163033,
  "el_start_deg": 21.78955515116326,
  "el_end_deg": 22.95549259565445,
  "rows": 138,
  "encoder": "xlm-roberta-base",
  "lora_r": 8
}