az12_bin,N,AE_mean
0,1013,20.17930383178583
1,1825,31.2669952262591
2,1040,39.1138707487629
3,1533,30.58095387773271
4,1836,39.90870802744022
5,1334,32.66840790540561
6,1531,33.9240351310748
7,2535,38.97295101323777
8,632,31.812280044289707
9,1335,26.6328359294027
10,1531,37.72194112273776
11,1006,22.989399862751572
