name,bin0,bin1,bin2,bin3,bin4,bin5,bin6,bin7,bin8,bin9,bin10,bin11
metrics_base,22.413827896118164,33.64302444458008,42.11484146118164,33.775699615478516,47.8311767578125,35.530155181884766,37.02715301513672,40.318965911865234,35.589454650878906,24.68528938293457,34.907291412353516,24.48337745666504
metrics_final_textprior,21.087596893310547,32.75566864013672,42.35651397705078,33.24541091918945,47.95512390136719,35.73114013671875,36.8765983581543,40.75538635253906,36.7275276184082,24.154233932495117,34.39889144897461,23.446725845336914
