{
  "N_test": 1566,
  "AE": 35.06230926513672,
  "dlog": 0.26454880833625793,
  "spread_mae": 13.912787437438965,
  "wet_mae": 0.17588025331497192,
  "gain_mae": 1.0920490026474,
  "room_mae": 1.9749770164489746,
  "per_az12_mean": [
    22.413827896118164,
    33.64302444458008,
    42.11484146118164,
    33.775699615478516,
    47.8311767578125,
    35.530155181884766,
    37.02715301513672,
    40.318965911865234,
    35.589454650878906,
    24.68528938293457,
    34.907291412353516,
    24.48337745666504
  ],
  "worst3_bins": [
    4,
    2,
    7
  ],
  "lang_AE": {
    "en": 33.1667546829273,
    "ko": 36.17734824069615
  },
  "use_knn": false,
  "knn": {
    "k": 3,
    "thresh": 0.58,
    "alpha": 0.1,
    "temp": 0.07,
    "angle_gate": 20.0
  },
  "group_by_text": true,
  "ckpt": "t2sa_minilm_ft_clean_lastmile_ep6.pt",
  "enc_model": "sentence-transformers/paraphrase-multilingual-MiniLM-L12-v2",
  "kw_consistency": {
    "GT": {
      "up%": 99.4,
      "down%": 95.3,
      "near%": 51.3,
      "far%": 69.6
    },
    "PRED": {
      "up%": 100.0,
      "down%": 95.3,
      "near%": 4.2,
      "far%": 0.0
    }
  }
}