{
  "N_test": 1566,
  "AE": 36.35529327392578,
  "dlog": 0.26454880833625793,
  "spread_mae": 13.912787437438965,
  "wet_mae": 0.17588025331497192,
  "gain_mae": 1.0920490026474,
  "room_mae": 1.9749770164489746,
  "per_az12_mean": [
    25.479978561401367,
    34.61811065673828,
    44.7140998840332,
    33.944278717041016,
    47.5091438293457,
    36.32451248168945,
    37.71284103393555,
    40.326751708984375,
    39.77297592163086,
    26.050209045410156,
    36.01544952392578,
    30.586284637451172
  ],
  "worst3_bins": [
    4,
    2,
    7
  ],
  "lang_AE": {
    "en": 34.995436114278334,
    "ko": 37.155208728497215
  },
  "use_knn": true,
  "knn": {
    "k": 3,
    "thresh": 0.56,
    "alpha": 0.08,
    "temp": 0.08,
    "angle_gate": -1.0
  },
  "group_by_text": true,
  "ckpt": "t2sa_minilm_ft_clean_lastmile_ep6.pt",
  "enc_model": "sentence-transformers/paraphrase-multilingual-MiniLM-L12-v2",
  "kw_consistency": {
    "GT": {
      "up%": 99.4,
      "down%": 95.3,
      "near%": 51.3,
      "far%": 69.6
    },
    "PRED": {
      "up%": 100.0,
      "down%": 95.3,
      "near%": 4.2,
      "far%": 0.0
    }
  }
}