{
  "N_test": 1566,
  "AE": 34.86759948730469,
  "dlog": 0.26454880833625793,
  "spread_mae": 13.912787437438965,
  "wet_mae": 0.17588025331497192,
  "gain_mae": 1.0920490026474,
  "room_mae": 1.9749770164489746,
  "per_az12_mean": [
    21.013107299804688,
    32.80324172973633,
    42.516075134277344,
    33.216209411621094,
    47.91311264038086,
    36.074867248535156,
    36.856651306152344,
    41.051788330078125,
    37.05936813354492,
    24.267780303955078,
    34.38201141357422,
    23.240514755249023
  ],
  "worst3_bins": [
    4,
    2,
    7
  ],
  "lang_AE": {
    "en": 32.87977304643598,
    "ko": 36.036906870758315
  },
  "use_knn": false,
  "knn": {
    "k": 3,
    "thresh": 0.58,
    "alpha": 0.1,
    "temp": 0.07,
    "angle_gate": 20.0
  },
  "predbin_calib": {
    "alpha": 0.3,
    "gate": 10.0
  },
  "group_by_text": true,
  "ckpt": "t2sa_minilm_ft_clean_lastmile_ep6.pt",
  "enc_model": "sentence-transformers/paraphrase-multilingual-MiniLM-L12-v2",
  "kw_consistency": {
    "GT": {
      "up%": 99.4,
      "down%": 95.3,
      "near%": 51.3,
      "far%": 69.6
    },
    "PRED": {
      "up%": 100.0,
      "down%": 95.3,
      "near%": 4.2,
      "far%": 0.0
    }
  }
}