{
  "N_test": 1566,
  "AE": 35.07384490966797,
  "dlog": 0.26454880833625793,
  "spread_mae": 13.912787437438965,
  "wet_mae": 0.17588025331497192,
  "gain_mae": 1.0920490026474,
  "room_mae": 1.9749770164489746,
  "per_az12_mean": [
    22.415821075439453,
    33.58231735229492,
    41.952816009521484,
    33.78461837768555,
    47.798648834228516,
    35.229007720947266,
    37.02050018310547,
    40.46273422241211,
    35.71303176879883,
    24.891067504882812,
    34.93489074707031,
    24.571636199951172
  ],
  "worst3_bins": [
    4,
    2,
    7
  ],
  "lang_AE": {
    "en": 33.18371529270863,
    "ko": 36.18568514538343
  },
  "use_knn": false,
  "knn": {
    "k": 3,
    "thresh": 0.58,
    "alpha": 0.1,
    "temp": 0.07,
    "angle_gate": 20.0
  },
  "postproc": {
    "proto_alpha": 0.0,
    "proto_gate": 12.0,
    "circ_alpha": 0.15,
    "circ_gate": 10.0
  },
  "group_by_text": true,
  "ckpt": "t2sa_minilm_ft_clean_lastmile_ep6.pt",
  "enc_model": "sentence-transformers/paraphrase-multilingual-MiniLM-L12-v2",
  "kw_consistency": {
    "GT": {
      "up%": 99.4,
      "down%": 95.3,
      "near%": 51.3,
      "far%": 69.6
    },
    "PRED": {
      "up%": 100.0,
      "down%": 95.3,
      "near%": 4.2,
      "far%": 0.0
    }
  }
}