{
  "N_test": 1566,
  "AE": 34.884334564208984,
  "dlog": 0.26454880833625793,
  "spread_mae": 13.912787437438965,
  "wet_mae": 0.17588025331497192,
  "gain_mae": 1.0920488834381104,
  "room_mae": 1.9749770164489746,
  "per_az12_mean": [
    20.72157859802246,
    32.647438049316406,
    42.160518646240234,
    33.428768157958984,
    48.29729080200195,
    35.75631332397461,
    37.10761642456055,
    40.9129753112793,
    37.17428970336914,
    24.496139526367188,
    34.31641387939453,
    23.43457794189453
  ],
  "worst3_bins": [
    4,
    2,
    7
  ],
  "lang_AE": {
    "en": 32.888737645231444,
    "ko": 36.058212947591564
  },
  "use_knn": true,
  "knn": {
    "k": 3,
    "thresh": 0.58,
    "alpha": 0.1,
    "temp": 0.07,
    "angle_gate": 20.0
  },
  "predbin_calib": {
    "alpha": 0.25,
    "gate": 10.0
  },
  "arc_align": {
    "used": true,
    "alpha": 0.12,
    "temp": 1.7,
    "entropy_gate": 1.7,
    "gap_gate": 0.25
  },
  "text_priors": {
    "used": false,
    "near_push": 0.15,
    "far_push": 0.15,
    "wet_push": 0.1
  },
  "group_by_text": true,
  "ckpt": "t2sa_minilm_ft_clean_lastmile_ep6.pt",
  "enc_model": "sentence-transformers/paraphrase-multilingual-MiniLM-L12-v2",
  "kw_consistency": {
    "GT": {
      "up%": 99.4,
      "down%": 95.3,
      "near%": 51.3,
      "far%": 69.6
    },
    "PRED": {
      "up%": 100.0,
      "down%": 95.3,
      "near%": 4.2,
      "far%": 0.0
    }
  }
}