{
  "N_test": 1566,
  "AE": 35.06692886352539,
  "dlog": 0.26454880833625793,
  "spread_mae": 13.912787437438965,
  "wet_mae": 0.17588025331497192,
  "gain_mae": 1.0920490026474,
  "room_mae": 1.9749770164489746,
  "per_az12_mean": [
    22.400388717651367,
    33.650245666503906,
    42.15321350097656,
    33.83233642578125,
    47.784889221191406,
    35.51800537109375,
    37.07183074951172,
    40.29290771484375,
    35.64719009399414,
    24.708389282226562,
    34.91531753540039,
    24.468791961669922
  ],
  "worst3_bins": [
    4,
    2,
    7
  ],
  "lang_AE": {
    "en": 33.17859338727491,
    "ko": 36.177710131022316
  },
  "use_knn": true,
  "knn": {
    "k": 3,
    "thresh": 0.7,
    "alpha": 0.15,
    "temp": 0.03,
    "angle_gate": 15.0
  },
  "group_by_text": true,
  "ckpt": "t2sa_minilm_ft_clean_lastmile_ep6.pt",
  "enc_model": "sentence-transformers/paraphrase-multilingual-MiniLM-L12-v2",
  "kw_consistency": {
    "GT": {
      "up%": 99.4,
      "down%": 95.3,
      "near%": 51.3,
      "far%": 69.6
    },
    "PRED": {
      "up%": 100.0,
      "down%": 95.3,
      "near%": 4.2,
      "far%": 0.0
    }
  }
}