{
  "N_test": 1566,
  "AE": 34.85377883911133,
  "dlog": 0.26251083612442017,
  "spread_mae": 15.196577072143555,
  "wet_mae": 0.18235564231872559,
  "gain_mae": 1.1225658655166626,
  "room_mae": 1.9862991571426392,
  "per_az12_mean": [
    20.74278450012207,
    32.98970031738281,
    43.751731872558594,
    33.57587432861328,
    49.390689849853516,
    37.148963928222656,
    36.715362548828125,
    40.41165542602539,
    35.96892166137695,
    24.33441162109375,
    32.45491027832031,
    22.382177352905273
  ],
  "worst3_bins": [
    4,
    2,
    7
  ],
  "lang_AE": {
    "en": 33.042548503752414,
    "ko": 35.91920421978281
  },
  "ckpts": [
    "t2sa_minilm_ft_clean_lastmile_ep6.pt",
    "t2sa_minilm_ft_clean_lastmile_ep10.pt",
    "t2sa_minilm_ft_clean_diagboost.pt"
  ],
  "weights": [
    1.0,
    1.0,
    1.0
  ],
  "predbin": {
    "alpha": 0.25,
    "gate": 10.0,
    "boost_bins": [
      2,
      4,
      7
    ],
    "boost_alpha": 0.38
  },
  "use_knn": true,
  "knn": {
    "k": 3,
    "thresh": 0.58,
    "alpha": 0.1,
    "temp": 0.07,
    "angle_gate": 20.0
  },
  "group_by_text": true
}