{
  "N_test": 1566,
  "AE": 34.97325134277344,
  "dlog": 0.26454880833625793,
  "spread_mae": 13.912787437438965,
  "wet_mae": 0.17588025331497192,
  "gain_mae": 1.0920490026474,
  "room_mae": 1.9749770164489746,
  "per_az12_mean": [
    20.877355575561523,
    33.297122955322266,
    42.334312438964844,
    33.71617889404297,
    48.34587478637695,
    35.62702560424805,
    37.1412239074707,
    40.716102600097656,
    36.04269790649414,
    24.365497589111328,
    34.953269958496094,
    23.319923400878906
  ],
  "worst3_bins": [
    4,
    2,
    7
  ],
  "lang_AE": {
    "en": 33.00644939850117,
    "ko": 36.13019048877469
  },
  "use_knn": true,
  "knn": {
    "k": 3,
    "thresh": 0.58,
    "alpha": 0.1,
    "temp": 0.07,
    "angle_gate": 20.0
  },
  "postproc": {
    "proto_alpha": 0.2,
    "proto_gate": 12.0,
    "circ_alpha": 0.1,
    "circ_gate": 10.0
  },
  "group_by_text": true,
  "ckpt": "t2sa_minilm_ft_clean_lastmile_ep6.pt",
  "enc_model": "sentence-transformers/paraphrase-multilingual-MiniLM-L12-v2",
  "kw_consistency": {
    "GT": {
      "up%": 99.4,
      "down%": 95.3,
      "near%": 51.3,
      "far%": 69.6
    },
    "PRED": {
      "up%": 100.0,
      "down%": 95.3,
      "near%": 4.2,
      "far%": 0.0
    }
  }
}