{
  "N_test": 1566,
  "AE": 34.9456901550293,
  "dlog": 0.26251083612442017,
  "spread_mae": 15.196577072143555,
  "wet_mae": 0.18235565721988678,
  "gain_mae": 1.1225658655166626,
  "room_mae": 1.9862991571426392,
  "per_az12_mean": [
    20.808786392211914,
    33.09435272216797,
    43.796146392822266,
    33.599586486816406,
    49.550048828125,
    37.32080078125,
    36.805397033691406,
    40.449729919433594,
    35.99624252319336,
    24.54110336303711,
    32.5899658203125,
    22.326635360717773
  ],
  "worst3_bins": [
    4,
    2,
    7
  ],
  "lang_AE": {
    "en": 33.13061574101448,
    "ko": 36.01337880627621
  },
  "ckpts": [
    "t2sa_minilm_ft_clean_lastmile_ep6.pt",
    "t2sa_minilm_ft_clean_lastmile_ep10.pt",
    "t2sa_minilm_ft_clean_diagboost.pt"
  ],
  "weights": [
    1.0,
    1.0,
    1.0
  ],
  "predbin": {
    "alpha": 0.25,
    "gate": 10.0,
    "boost_bins": [
      2,
      4,
      7
    ],
    "boost_alpha": 0.38
  },
  "use_knn": false,
  "knn": {
    "k": 3,
    "thresh": 0.58,
    "alpha": 0.1,
    "temp": 0.07,
    "angle_gate": 20.0
  },
  "group_by_text": true
}