{
  "N_test": 1566,
  "AE": 35.05964660644531,
  "dlog": 0.26454880833625793,
  "spread_mae": 13.912787437438965,
  "wet_mae": 0.17588025331497192,
  "gain_mae": 1.0920490026474,
  "room_mae": 1.9749770164489746,
  "per_az12_mean": [
    20.945070266723633,
    33.45820999145508,
    42.499141693115234,
    33.771793365478516,
    48.473411560058594,
    36.04542922973633,
    37.17707061767578,
    40.69703674316406,
    36.14152526855469,
    24.464794158935547,
    34.96294021606445,
    23.216415405273438
  ],
  "worst3_bins": [
    4,
    2,
    7
  ],
  "lang_AE": {
    "en": 33.103383303716264,
    "ko": 36.21038851891522
  },
  "use_knn": false,
  "knn": {
    "k": 3,
    "thresh": 0.58,
    "alpha": 0.1,
    "temp": 0.07,
    "angle_gate": 20.0
  },
  "postproc": {
    "proto_alpha": 0.2,
    "proto_gate": 12.0,
    "circ_alpha": 0.0,
    "circ_gate": 10.0
  },
  "group_by_text": true,
  "ckpt": "t2sa_minilm_ft_clean_lastmile_ep6.pt",
  "enc_model": "sentence-transformers/paraphrase-multilingual-MiniLM-L12-v2",
  "kw_consistency": {
    "GT": {
      "up%": 99.4,
      "down%": 95.3,
      "near%": 51.3,
      "far%": 69.6
    },
    "PRED": {
      "up%": 100.0,
      "down%": 95.3,
      "near%": 4.2,
      "far%": 0.0
    }
  }
}