split,N,AE_deg,d_log,spread_MAE,wet_MAE,gain_MAE,room_MAE
overall,160,85.09248352050781,0.18299122154712677,16.611330032348633,0.15907995402812958,2.888561487197876,2.3137989044189453
long,40,104.321044921875,0.17057347297668457,17.177175521850586,0.18196973204612732,2.923950672149658,2.4042739868164062
metaphor,40,95.65031433105469,0.14806845784187317,19.086021423339844,0.14307256042957306,2.888184070587158,2.5153048038482666
numeric,40,19.885534286499023,0.16644549369812012,16.302242279052734,0.1286650002002716,2.7974796295166016,1.882097601890564
paraphrase,40,120.5130386352539,0.24687747657299042,13.879880905151367,0.1826126128435135,2.944631576538086,2.4535186290740967


