{
  "overall": {
    "N": 160,
    "AE_deg": 85.09248352050781,
    "d_log": 0.18299122154712677,
    "spread_MAE": 16.611330032348633,
    "wet_MAE": 0.15907995402812958,
    "gain_MAE": 2.888561487197876,
    "room_MAE": 2.3137989044189453
  },
  "by_cat": {
    "long": {
      "N": 40,
      "AE_deg": 104.321044921875,
      "d_log": 0.17057347297668457,
      "spread_MAE": 17.177175521850586,
      "wet_MAE": 0.18196973204612732,
      "gain_MAE": 2.923950672149658,
      "room_MAE": 2.4042739868164062
    },
    "metaphor": {
      "N": 40,
      "AE_deg": 95.65031433105469,
      "d_log": 0.14806845784187317,
      "spread_MAE": 19.086021423339844,
      "wet_MAE": 0.14307256042957306,
      "gain_MAE": 2.888184070587158,
      "room_MAE": 2.5153048038482666
    },
    "numeric": {
      "N": 40,
      "AE_deg": 19.885534286499023,
      "d_log": 0.16644549369812012,
      "spread_MAE": 16.302242279052734,
      "wet_MAE": 0.1286650002002716,
      "gain_MAE": 2.7974796295166016,
      "room_MAE": 1.882097601890564
    },
    "paraphrase": {
      "N": 40,
      "AE_deg": 120.5130386352539,
      "d_log": 0.24687747657299042,
      "spread_MAE": 13.879880905151367,
      "wet_MAE": 0.1826126128435135,
      "gain_MAE": 2.944631576538086,
      "room_MAE": 2.4535186290740967
    }
  }
}